{
    "revanced": 
    {
        "projectName": "Revanced",
        "sources": 
        {
            "cli":
            {
                "org": "revanced",
                "repo": "revanced-cli"
            },
            "patches":
            {
                "org": "revanced",
                "repo": "revanced-patches"
            },
            "integrations":
            {
                "org": "revanced",
                "repo": "revanced-integrations"
            }
        }
    },
    "YT-Advanced": 
    {
        "projectName": "ReX",
        "sources": 
        {
            "cli":
            {
                "org": "inotia00",
                "repo": "revanced-cli"
            },
            "patches":
            {
                "org": "YT-Advanced",
                "repo": "ReX-patches"
            },
            "integrations":
            {
                "org": "YT-Advanced",
                "repo": "ReX-integrations"
            }
        }
    },
    "inotia00": 
    {
        "projectName": "Revanced-Extended",
        "sources": 
        {
            "cli":
            {
                "org": "inotia00",
                "repo": "revanced-cli"
            },
            "patches":
            {
                "org": "inotia00",
                "repo": "revanced-patches"
            },
            "integrations":
            {
                "org": "inotia00",
                "repo": "revanced-integrations"
            }
        }
    },
    "kitadai31": 
    {
        "projectName": "RVX-Android_6-7",
        "sources": 
        {
            "cli":
            {
                "org": "kitadai31",
                "repo": "rvcli"
            },
            "patches":
            {
                "org": "kitadai31",
                "repo": "revanced-patches-android6-7"
            },
            "integrations":
            {
                "org": "kitadai31",
                "repo": "revanced-integrations"
            }
        }
    },
    "d4n3436": 
    {
        "projectName": "RVX-Android-5",
        "sources": 
        {
            "cli":
            {
                "org": "kitadai31",
                "repo": "rvcli"
            },
            "patches":
            {
                "org": "d4n3436",
                "repo": "revanced-patches-android5"
            },
            "integrations":
            {
                "org": "d4n3436",
                "repo": "revanced-integrations"
            }
        }
    }
}
